"Qty","Part Number","Reference","Value","Footprint","Datasheet","Description"
"1","732-5733-ND","C1","0.1u","Capacitor_THT:C_Rect_L13.0mm_W8.0mm_P10.00mm_FKS3_FKP3_MKS4","https://www.we-online.com/components/products/datasheet/890334023023CS.pdf","Unpolarized capacitor"
"1","732-890414025003CS-ND","C2","0.22u","Capacitor_THT:C_Rect_L18.0mm_W9.0mm_P15.00mm_FKS3_FKP3","https://www.we-online.com/components/products/datasheet/890414025003CS.pdf","Unpolarized capacitor"
"1","732-9289-1-ND","C3","10u","Capacitor_THT:CP_Radial_D5.0mm_P2.00mm","https://www.we-online.com/components/products/datasheet/860240672002.pdf","Unpolarized capacitor"
"1","BC3229-ND","C20","2.2n","Capacitor_THT:C_Disc_D11.0mm_W5.0mm_P10.00mm","https://www.vishay.com/docs/23102/440lseries.pdf","Unpolarized capacitor"
"2","UBT1J331MHD8-ND","C10,C11","330u","Capacitor_THT:CP_Radial_D12.5mm_P5.00mm","https://www.nichicon.co.jp/english/series_items/catalog_pdf/e-ubt.pdf","Unpolarized capacitor"
"3","1276-6767-1-ND","C23,C32,C33","10u","Capacitor_SMD:C_1206_3216Metric","https://mm.digikey.com/Volume0/opasdata/d220001/medias/docus/41/CL31B106KBHNNNE_Spec.pdf","Unpolarized capacitor"
"1","118-CD-DF406SLCT-ND","D1","CD-DF406SL","Diode_SMD:Diode_Bridge_Bourns_CD-DF4xxS","https://www.bourns.com/docs/Product-Datasheets/CD-DF4xxSL.pdf","Bridge Rectifier, 600V VRPM, 4A If"
"1","1727-8343-1-ND","D2","3.425","Diode_SMD:D_0603_1608Metric","https://assets.nexperia.com/documents/data-sheet/PESD3V3Z1BCSF.pdf",""
"1","31-SMBJ170A-13-FCT-ND","D3","SMBJ170A-13-F","Diode_SMD:D_SMB","https://www.diodes.com/assets/Datasheets/ds19002.pdf","600W unidirectional Transil Transient Voltage Suppressor, 170Vrwm, DO-214AA"
"1","1514-CMR1U-10MTR13PBFREECT-ND","D4","CMR1U-10M TR13 PBFREE","Diode_SMD:D_SMA","https://my.centralsemi.com/datasheets/CMR1U01M.PDF","DIODE STANDARD 1000V 1A SMA"
"1","SMBJ48A-FDICT-ND","D9","SMBJ48A-13-F","Diode_SMD:D_SMB","https://www.diodes.com/assets/Datasheets/ds19002.pdf","600W unidirectional Transil Transient Voltage Suppressor, 48Vrwm, DO-214AA"
"1","976-BXRH-40H1000-B-83-ND","D14","LED","","https://www.bridgelux.com/sites/default/files/resource_media/DS407%20Gen%208%20V6%20HD%20Array%20Data%20Sheet%2020210520%20Rev%20A.pdf","Light emitting diode"
"2","1N4148WTDICT-ND","D12,D13","D","Diode_SMD:D_0603_1608Metric","https://www.diodes.com/assets/Datasheets/1N4148WT.pdf","Diode"
"2","BAV20W-FDICT-ND","D5,D8","BAV20","Diode_SMD:D_SOD-123","https://www.diodes.com/assets/Datasheets/BAV19W-BAV21W.pdf","150V 0.25A Small Signal Switching Diode, High Voltage, DO-35"
"4","1727-6235-1-ND","D6,D7,D10,D11","15v","Diode_SMD:D_0603_1608Metric","https://assets.nexperia.com/documents/data-sheet/BZX585_SER.pdf","Zener diode"
"1","495-5744-ND","FL1","B82731H2701A030","B82731H2701A030:B82731H_EPC","https://www.tdk-electronics.tdk.com/inf/30/db/ind_2008/b82731m_h.pdf",""
"1","486-4031-ND","J1","IEC_60320_C6_Receptacle","IEC_60320_C6:IEC_60320_C6","https://www.schurter.com/en/datasheet/typ_2562.pdf","C6 plug, 2,5A max"
"1","2946-2601-3102-ND","J6","2601-3102","KiCad:26013102","https://www.wago.com/2601-3102","PCB terminal block; lever; 1.5 mm; Pin spacing 3.5 mm; 2-pole; Push-in CAGE CLAMP"
"2","PRT-14417-ND","J2,J5","Conn_01x04_MountingPin","TRILL:qwiic_horizontal_SMD","https://www.sparkfun.com/qwiic",""
"2","36-1212-ND","J7,J8","Spade Terminal","1212:1212","https://www.keyelco.com/product-pdf.cfm?p=595","Vertical Board Mount Spade Male 4.8x0.81"
"1","732-4199-ND","L1","WE-TI_1014","7447480102:WE-TI_1014","https://www.we-online.com/components/products/datasheet/7447480102.pdf",""
"1","732-4871-1-ND","L2","33u","Inductor_SMD:L_Wuerth_MAPI-3015","https://www.we-online.com/components/products/datasheet/74438335330.pdf",""
"1","448-IGLR65R200D2XUMA1CT-ND","Q1","IGLR65R200D2","PG-TSON-8-8:PG-TSON-8-8","https://www.infineon.com/dgdl/Infineon-IGLR65R200D2-DataSheet-v01_00-EN.pdf?fileId=8ac78c8c8eeb092c018f0a2bd2ac726f","9.2A Id, 650V Vds, 200mOhm, N-Channel GaN MOSFET, TSON-8"
"1","13-RC2010FK-07499KLCT-ND","R1","500k","Resistor_SMD:R_2010_5025Metric","https://www.yageo.com/upload/media/product/products/datasheet/rchip/PYu-RC_Group_51_RoHS_L_12.pdf","Resistor"
"1","WSLC-.03CT-ND","R8","30m","Resistor_SMD:R_1206_3216Metric","https://www.vishay.com/docs/30100/wsl.pdf","Resistor"
"1","10-ERJ-S12J105UCT-ND","R10","1M","Resistor_SMD:R_1812_4532Metric","https://industrial.panasonic.com/ww/products/pt/anti-sulfurated-chip-resistors/models/ERJS12J105U","Resistor"
"1","541-4187-1-ND","R27","20k","Resistor_SMD:R_1206_3216Metric","https://www.vishay.com/docs/28773/crcwce3.pdf","Resistor"
"1","13-RC2010JK-07100KLCT-ND","R32","100k","Resistor_SMD:R_2010_5025Metric","https://www.yageo.com/upload/media/product/products/datasheet/rchip/PYu-RC_Group_51_RoHS_L_12.pdf","Resistor"
"1","732-13263-1-ND","RV1","620V","Varistor:RV_Disc_D12mm_W7.5mm_P7.5mm","https://www.we-online.com/components/products/datasheet/820513811.pdf","Voltage dependent resistor, US symbol"
"1","P19889CT-ND","S1","435171014816","435171014816:435171014816","https://www3.panasonic.biz/ac/e_download/control/switch/light-touch/catalog/sw_lt_eng_2616s.pdf",""
"1","732-13673-ND","S2","471001264142","471001264142:471001264142_0_75-1_25_","",""
"1","1297-750817251-ND","T1","750817251","750817251:WE-OLLT_ER28_14_L31W31H25_PAD1.6","https://www.we-online.com/components/products/datasheet/750817251.pdf",""
"1","56-NTCLP450E3104H-ND","TH1","Thermistor_NTC","","https://www.vishay.com/docs/29110/ntclp450e3.pdf","Temperature dependent resistor, negative temperature coefficient"
"1","505-LT3799EMSE#PBF-ND","U1","LT3799EMSE-PBF","LT3799MSE_PBF:MSOP-16_MSE_LIT","https://www.analog.com/media/en/technical-documentation/data-sheets/3799fb.pdf",""
"1","1589-MP9989GV-ZCT-ND","U2","MP9989GV-Z","MP9989GV_Z:QFN-4x5_MP9989_MNP","https://www.monolithicpower.com/en/documentview/productdocument/index/version/2/document_type/Datasheet/lang/en/sku/MP9989/document_id/6359/",""
"1","296-53036-1-ND","U3","LMR36006BRNXT","LMR36006:LMR36006","https://www.ti.com/lit/ds/symlink/lmr36006.pdf",""
"1","FDMQ8205AOSCT-ND","U4","FDMQ8205A","FDMQ8205A:IC_FDMQ8205A","https://www.onsemi.com/pdf/datasheet/fdmq8205a-d.pdf",""
"1","2648-SC0914(13)CT-ND","U7","RP2040","Package_DFN_QFN:QFN-56-1EP_7x7mm_P0.4mm_EP3.2x3.2mm","https://datasheets.raspberrypi.com/rp2040/rp2040-datasheet.pdf","A microcontroller by Raspberry Pi"
"1","448-CY8C20646A-24LQXI-ND","U8","CY8C20666A-24LQXI","Package_DFN_QFN:QFN-48-1EP_6x6mm_P0.4mm_EP4.6x4.6mm","https://www.infineon.com/dgdl/Infineon-CY8C20XX6A_S_1.8_V_Programmable_CapSense_Controller_with_SmartSense_Auto-tuning_1-33_Buttons_0-6_Sliders-DataSheet-v26_00-EN.pdf?fileId=8ac78c8c7d0d8da4017d0ecc6dc04671",""
"1","1265-AT25FF081A-SSHN-B-ND","U9","AT25xxx","Package_SO:SOIC-8_3.9x4.9mm_P1.27mm","http://ww1.microchip.com/downloads/en/DeviceDoc/Atmel-8707-SEEPROM-AT25010B-020B-040B-Datasheet.pdf","Microchip SPI Serial EEPROM, DIP-8/SOIC-8/TSSOP-8"
"2","296-ISOM8118DFHRCT-ND","U5,U6","ISOM8118DFHR","Package_SO:SOP-4_4.4x2.6mm_P1.27mm","https://www.ti.com/lit/ds/symlink/isom8111.pdf?ts=1741587314586&ref_url=https%253A%252F%252Fwww.ti.com%252Fproduct%252FISOM8111%253FkeyMatch%253DISOM8111%2526tisearch%253Duniversal_search%2526usecase%253DGPN-ALT","DC Optocoupler, Vce 80V, CTR 300-600%, SOP-4"
"1","732-830070868CT-ND","Y1","830070868","Crystal:Crystal_SMD_3225-4Pin_3.2x2.5mm","https://www.we-online.com/components/products/datasheet/830070868.pdf","Four pin crystal, GND on pins 2 and 4"
